{
  "MLP": {
    "accuracy": 0.9722222222222222,
    "f1_macro": 0.9751724137931035,
    "precision_macro": 0.9743589743589745,
    "recall_macro": 0.9777777777777779,
    "confusion_matrix": [
      [
        12,
        0,
        0
      ],
      [
        1,
        14,
        0
      ],
      [
        0,
        0,
        9
      ]
    ],
    "auc_ovr": 0.9989417989417989,
    "test_loss": 0.5483661890029907,
    "total_params": 3267,
    "n_classes": 3,
    "class_names": [
      "class_0",
      "class_1",
      "class_2"
    ],
    "model": "MLP",
    "best_val_f1": 1.0,
    "best_epoch": 5
  },
  "CNN": {
    "accuracy": 0.972,
    "f1_macro": 0.9718767374484651,
    "precision_macro": 0.9717253948482384,
    "recall_macro": 0.9722923360048845,
    "confusion_matrix": [
      [
        154,
        0,
        0,
        0,
        0,
        0,
        0,
        0,
        0,
        0
      ],
      [
        0,
        161,
        0,
        0,
        0,
        0,
        1,
        0,
        0,
        0
      ],
      [
        1,
        0,
        142,
        0,
        0,
        0,
        1,
        2,
        0,
        0
      ],
      [
        0,
        0,
        2,
        159,
        0,
        1,
        0,
        2,
        0,
        0
      ],
      [
        0,
        0,
        1,
        0,
        161,
        0,
        3,
        0,
        2,
        2
      ],
      [
        0,
        0,
        0,
        1,
        0,
        119,
        1,
        0,
        0,
        0
      ],
      [
        3,
        0,
        0,
        0,
        1,
        0,
        141,
        0,
        1,
        0
      ],
      [
        0,
        0,
        4,
        0,
        0,
        0,
        0,
        134,
        0,
        0
      ],
      [
        0,
        0,
        2,
        0,
        0,
        0,
        1,
        2,
        138,
        0
      ],
      [
        1,
        0,
        0,
        2,
        2,
        1,
        0,
        1,
        1,
        149
      ]
    ],
    "auc_ovr": 0.999467163545624,
    "test_loss": 0.0877892302274704,
    "total_params": 98666,
    "n_classes": 10,
    "class_names": [
      "0",
      "1",
      "2",
      "3",
      "4",
      "5",
      "6",
      "7",
      "8",
      "9"
    ],
    "model": "CNN",
    "best_val_f1": 0.9727960535859754,
    "best_epoch": 5
  },
  "RNN": {
    "accuracy": 0.6671428571428571,
    "f1_macro": 0.6556537096135442,
    "precision_macro": 0.658620601943746,
    "recall_macro": 0.6646265194620832,
    "confusion_matrix": [
      [
        176,
        53,
        62,
        57
      ],
      [
        18,
        325,
        24,
        0
      ],
      [
        43,
        80,
        169,
        54
      ],
      [
        33,
        0,
        42,
        264
      ]
    ],
    "auc_ovr": 0.8658476594015796,
    "test_loss": 0.815842752797263,
    "total_params": 5380,
    "n_classes": 4,
    "class_names": [
      "Printemps",
      "\u00c9t\u00e9",
      "Automne",
      "Hiver"
    ],
    "model": "RNN",
    "best_val_f1": 0.6442686171810873,
    "best_epoch": 6
  },
  "LSTM": {
    "accuracy": 0.6971428571428572,
    "f1_macro": 0.683094897376209,
    "precision_macro": 0.699169340240966,
    "recall_macro": 0.6962967887913221,
    "confusion_matrix": [
      [
        152,
        46,
        76,
        74
      ],
      [
        13,
        312,
        42,
        0
      ],
      [
        28,
        49,
        202,
        67
      ],
      [
        11,
        0,
        18,
        310
      ]
    ],
    "auc_ovr": 0.8864529190941458,
    "test_loss": 0.7512268921307155,
    "total_params": 20740,
    "n_classes": 4,
    "class_names": [
      "Printemps",
      "\u00c9t\u00e9",
      "Automne",
      "Hiver"
    ],
    "model": "LSTM",
    "best_val_f1": 0.6707181790570331,
    "best_epoch": 8
  },
  "GRU": {
    "accuracy": 0.6785714285714286,
    "f1_macro": 0.6739295718826883,
    "precision_macro": 0.6725410172393176,
    "recall_macro": 0.6773271475594058,
    "confusion_matrix": [
      [
        201,
        34,
        62,
        51
      ],
      [
        32,
        296,
        39,
        0
      ],
      [
        49,
        57,
        186,
        54
      ],
      [
        38,
        0,
        34,
        267
      ]
    ],
    "auc_ovr": 0.8862453416012787,
    "test_loss": 0.7517131202561514,
    "total_params": 15620,
    "n_classes": 4,
    "class_names": [
      "Printemps",
      "\u00c9t\u00e9",
      "Automne",
      "Hiver"
    ],
    "model": "GRU",
    "best_val_f1": 0.6834722731545979,
    "best_epoch": 8
  },
  "CNN_LSTM": {
    "accuracy": 0.7192857142857143,
    "f1_macro": 0.7155263638942806,
    "precision_macro": 0.7162745882218289,
    "recall_macro": 0.7186566547842133,
    "confusion_matrix": [
      [
        240,
        28,
        45,
        35
      ],
      [
        45,
        294,
        28,
        0
      ],
      [
        51,
        51,
        191,
        53
      ],
      [
        35,
        0,
        22,
        282
      ]
    ],
    "auc_ovr": 0.9096217529312587,
    "test_loss": 0.6830703183582851,
    "total_params": 41316,
    "n_classes": 4,
    "class_names": [
      "Printemps",
      "\u00c9t\u00e9",
      "Automne",
      "Hiver"
    ],
    "model": "CNN_LSTM",
    "best_val_f1": 0.7293971273355013,
    "best_epoch": 6
  }
}