{
  "train_loss": [
    1.114638791364782,
    0.252326367313371,
    0.15573964552844272,
    0.10767062709612005,
    0.07224536643308752
  ],
  "val_loss": [
    0.38469530642032623,
    0.30965715398391086,
    0.12867290154099464,
    0.11738132188717525,
    0.09201839442054431
  ],
  "train_acc": [
    0.680235294117647,
    0.9303529411764706,
    0.959764705882353,
    0.9698823529411764,
    0.9825882352941177
  ],
  "val_acc": [
    0.912,
    0.9013333333333333,
    0.9653333333333334,
    0.968,
    0.9733333333333334
  ],
  "train_f1": [
    0.6764526659946807,
    0.9301213712829044,
    0.9597387921884588,
    0.9697250756710204,
    0.9825524043877403
  ],
  "val_f1": [
    0.9111719543651853,
    0.8989309658702819,
    0.9639527303469702,
    0.9677587167027761,
    0.9727960535859754
  ],
  "epochs": [
    1,
    2,
    3,
    4,
    5
  ]
}