{
  "accuracy": 0.972,
  "f1_macro": 0.9718767374484651,
  "precision_macro": 0.9717253948482384,
  "recall_macro": 0.9722923360048845,
  "confusion_matrix": [
    [
      154,
      0,
      0,
      0,
      0,
      0,
      0,
      0,
      0,
      0
    ],
    [
      0,
      161,
      0,
      0,
      0,
      0,
      1,
      0,
      0,
      0
    ],
    [
      1,
      0,
      142,
      0,
      0,
      0,
      1,
      2,
      0,
      0
    ],
    [
      0,
      0,
      2,
      159,
      0,
      1,
      0,
      2,
      0,
      0
    ],
    [
      0,
      0,
      1,
      0,
      161,
      0,
      3,
      0,
      2,
      2
    ],
    [
      0,
      0,
      0,
      1,
      0,
      119,
      1,
      0,
      0,
      0
    ],
    [
      3,
      0,
      0,
      0,
      1,
      0,
      141,
      0,
      1,
      0
    ],
    [
      0,
      0,
      4,
      0,
      0,
      0,
      0,
      134,
      0,
      0
    ],
    [
      0,
      0,
      2,
      0,
      0,
      0,
      1,
      2,
      138,
      0
    ],
    [
      1,
      0,
      0,
      2,
      2,
      1,
      0,
      1,
      1,
      149
    ]
  ],
  "auc_ovr": 0.999467163545624,
  "test_loss": 0.0877892302274704,
  "total_params": 98666,
  "n_classes": 10,
  "class_names": [
    "0",
    "1",
    "2",
    "3",
    "4",
    "5",
    "6",
    "7",
    "8",
    "9"
  ],
  "model": "CNN",
  "best_val_f1": 0.9727960535859754,
  "best_epoch": 5
}