{
  "train_loss": [
    1.0382806405876621,
    0.8065341277555986,
    0.7643604657866738,
    0.7401615959225278,
    0.7080568887970664,
    0.7001099640672858,
    0.7035057598894293,
    0.6746540647564512
  ],
  "val_loss": [
    0.8262629292228005,
    0.7511392885988409,
    0.7360813021659851,
    0.7267482334917242,
    0.6959340951659463,
    0.6615609309890054,
    0.6623198606751182,
    0.6559585224498402
  ],
  "train_acc": [
    0.5783333333333334,
    0.6595238095238095,
    0.6769047619047619,
    0.685,
    0.6997619047619048,
    0.7188095238095238,
    0.7071428571428572,
    0.7178571428571429
  ],
  "val_acc": [
    0.6535714285714286,
    0.69,
    0.6885714285714286,
    0.7014285714285714,
    0.7128571428571429,
    0.7342857142857143,
    0.7285714285714285,
    0.7221428571428572
  ],
  "train_f1": [
    0.5665134137414582,
    0.6488388792473935,
    0.6684743735309284,
    0.6762581727317383,
    0.6913340654940863,
    0.7108690734995068,
    0.6996702257958684,
    0.71166848149853
  ],
  "val_f1": [
    0.6306851161118725,
    0.6747099710103702,
    0.6747053738562242,
    0.693805183241971,
    0.7062306390997525,
    0.7293971273355013,
    0.7213978146765685,
    0.7095976226639877
  ],
  "epochs": [
    1,
    2,
    3,
    4,
    5,
    6,
    7,
    8
  ]
}