{
  "train_loss": [
    1.107714396534544,
    0.940730990785541,
    0.8489640499606277,
    0.795351449287299,
    0.7840372089183691,
    0.7670428048480641,
    0.7549254514954307,
    0.7447944012555209
  ],
  "val_loss": [
    0.9840960936112837,
    0.8946418328718706,
    0.8099352609027516,
    0.7883413434028625,
    0.7750441106882963,
    0.7544769536365162,
    0.7475570277734236,
    0.7444005771116777
  ],
  "train_acc": [
    0.5238095238095238,
    0.5835714285714285,
    0.6304761904761905,
    0.659047619047619,
    0.6623809523809524,
    0.6676190476190477,
    0.6719047619047619,
    0.6797619047619048
  ],
  "val_acc": [
    0.5514285714285714,
    0.6078571428571429,
    0.6485714285714286,
    0.6685714285714286,
    0.675,
    0.6871428571428572,
    0.6914285714285714,
    0.6871428571428572
  ],
  "train_f1": [
    0.42914746534409987,
    0.5296339947813974,
    0.6091807179074656,
    0.6470028607959825,
    0.6525028829794013,
    0.6582157250391978,
    0.6630370288934004,
    0.6710841573877567
  ],
  "val_f1": [
    0.4522264925429701,
    0.5680589193944456,
    0.6265067431963266,
    0.6563049622360523,
    0.6706152951295359,
    0.6738190470192035,
    0.6785715550920103,
    0.6834722731545979
  ],
  "epochs": [
    1,
    2,
    3,
    4,
    5,
    6,
    7,
    8
  ]
}