{
  "train_loss": [
    1.178708295027415,
    0.9111353953679403,
    0.8229093822565946,
    0.7880567456736709,
    0.7668797066717437,
    0.7518880006038782,
    0.7406171108737136,
    0.7294762044241934
  ],
  "val_loss": [
    1.0021960843693127,
    0.8343801715157249,
    0.7921158183704723,
    0.7712863033468073,
    0.7734762592749163,
    0.7637044028802351,
    0.7417531176046892,
    0.7526207132772966
  ],
  "train_acc": [
    0.505,
    0.6142857142857143,
    0.6440476190476191,
    0.6623809523809524,
    0.6654761904761904,
    0.6733333333333333,
    0.6738095238095239,
    0.6895238095238095
  ],
  "val_acc": [
    0.5542857142857143,
    0.6471428571428571,
    0.6635714285714286,
    0.6721428571428572,
    0.6714285714285714,
    0.6807142857142857,
    0.6821428571428572,
    0.6864285714285714
  ],
  "train_f1": [
    0.4124425920162259,
    0.5671674560517272,
    0.6320833585202107,
    0.6497266368083213,
    0.6533472375910473,
    0.6643637202870516,
    0.6614004054864469,
    0.6793805853484813
  ],
  "val_f1": [
    0.4551651126967733,
    0.635464577667552,
    0.6520276152326959,
    0.6564745679393796,
    0.6608737153285464,
    0.6631495396156695,
    0.6676247618213493,
    0.6707181790570331
  ],
  "epochs": [
    1,
    2,
    3,
    4,
    5,
    6,
    7,
    8
  ]
}