{
  "train_loss": [
    1.1420519948005676,
    0.9349749939782279,
    0.7684038877487183,
    0.6605952296938215,
    0.5847870111465454,
    0.5918828163828168,
    0.5013804563454219,
    0.4611685105732509,
    0.41876767788614544,
    0.41799486534936087,
    0.3628439264638083,
    0.37646416681153433,
    0.350681300674166,
    0.29284459565367016,
    0.2412411549261638,
    0.30175937499318806,
    0.27765931614807676
  ],
  "val_loss": [
    1.0124446749687195,
    0.8904634316762289,
    0.7422556281089783,
    0.6229263742764791,
    0.5350983540217081,
    0.4775482813517253,
    0.4297749201456706,
    0.4000367720921834,
    0.35872190197308856,
    0.3349180519580841,
    0.3168381452560425,
    0.3059250960747401,
    0.2818409949541092,
    0.2727225720882416,
    0.2511713703473409,
    0.23703217009703317,
    0.23198087513446808
  ],
  "train_acc": [
    0.29245283018867924,
    0.6415094339622641,
    0.7735849056603774,
    0.8584905660377359,
    0.8773584905660378,
    0.839622641509434,
    0.9528301886792453,
    0.8867924528301887,
    0.9150943396226415,
    0.9433962264150944,
    0.9528301886792453,
    0.9245283018867925,
    0.9528301886792453,
    0.9622641509433962,
    0.9905660377358491,
    0.9622641509433962,
    0.9528301886792453
  ],
  "val_acc": [
    0.8055555555555556,
    0.8888888888888888,
    0.9166666666666666,
    0.9444444444444444,
    1.0,
    1.0,
    1.0,
    0.9722222222222222,
    1.0,
    1.0,
    1.0,
    1.0,
    1.0,
    1.0,
    1.0,
    1.0,
    1.0
  ],
  "train_f1": [
    0.2952229057492215,
    0.6440455840455841,
    0.7714015151515152,
    0.8593951505152723,
    0.8811391223155929,
    0.8416349380204803,
    0.951236831383505,
    0.8908967589710484,
    0.9158680386008466,
    0.9454715219421103,
    0.9537223145232812,
    0.92608234287197,
    0.9565928180844466,
    0.9631089217296114,
    0.9912891000622207,
    0.9630675526024364,
    0.9552556322801143
  ],
  "val_f1": [
    0.8007936507936507,
    0.8876328502415459,
    0.9163636363636364,
    0.9451526251526251,
    1.0,
    1.0,
    1.0,
    0.974320987654321,
    1.0,
    1.0,
    1.0,
    1.0,
    1.0,
    1.0,
    1.0,
    1.0,
    1.0
  ],
  "epochs": [
    1,
    2,
    3,
    4,
    5,
    6,
    7,
    8,
    9,
    10,
    11,
    12,
    13,
    14,
    15,
    16,
    17
  ]
}