{
  "train_loss": [
    1.1019262165734263,
    0.9312582395293496,
    0.8948858253883593,
    0.8647268938295769,
    0.8319974487478082,
    0.8326955816962502,
    0.817884315143932,
    0.8030448863000581
  ],
  "val_loss": [
    0.9769849018617109,
    0.9009899605404247,
    0.8747011802413247,
    0.8347306793386285,
    0.8218309662558816,
    0.8237897536971353,
    0.8242495981129733,
    0.8042340712113814
  ],
  "train_acc": [
    0.5057142857142857,
    0.5897619047619047,
    0.606904761904762,
    0.6257142857142857,
    0.6440476190476191,
    0.6421428571428571,
    0.6473809523809524,
    0.6573809523809524
  ],
  "val_acc": [
    0.5778571428571428,
    0.6028571428571429,
    0.615,
    0.6342857142857142,
    0.65,
    0.6564285714285715,
    0.6364285714285715,
    0.6492857142857142
  ],
  "train_f1": [
    0.4314176163522449,
    0.5493269178499797,
    0.5812417018869851,
    0.602336356857696,
    0.6301211122761396,
    0.6264446456686092,
    0.6341843406111843,
    0.6455062698820989
  ],
  "val_f1": [
    0.5099432000120395,
    0.5734048150677942,
    0.5853809417180512,
    0.6135469061350062,
    0.6336427905681068,
    0.6442686171810873,
    0.610735820084835,
    0.6253777058163492
  ],
  "epochs": [
    1,
    2,
    3,
    4,
    5,
    6,
    7,
    8
  ]
}